"","Year","Country","Happiness.Rank","Happiness.Score","Economy..GDP.per.Capita.","Health..Life.Expectancy.","Continent"
"1",2015,"Switzerland",1,7.587,1.39651,0.94143,"Europe"
"2",2015,"Iceland",2,7.561,1.30232,0.94784,"Europe"
"3",2015,"Denmark",3,7.527,1.32548,0.87464,"Europe"
"4",2015,"Norway",4,7.522,1.459,0.88521,"Europe"
"5",2015,"Canada",5,7.427,1.32629,0.90563,"Europe"
"6",2015,"Finland",6,7.406,1.29025,0.88911,"Europe"
"7",2015,"Netherlands",7,7.378,1.32944,0.89284,"Europe"
"8",2015,"Sweden",8,7.364,1.33171,0.91087,"Europe"
"9",2015,"New Zealand",9,7.286,1.25018,0.90837,"Europe"
"10",2015,"Australia",10,7.284,1.33358,0.93156,"Europe"
"11",2015,"Israel",11,7.278,1.22857,0.91387,"Europe"
"12",2015,"Costa Rica",12,7.226,0.95578,0.86027,"Europe"
"13",2015,"Austria",13,7.2,1.33723,0.89042,"Europe"
"14",2015,"Mexico",14,7.187,1.02054,0.81444,"Europe"
"15",2015,"United States",15,7.119,1.39451,0.86179,"Europe"
"16",2015,"Brazil",16,6.983,0.98124,0.69702,"Europe"
"17",2015,"Luxembourg",17,6.946,1.56391,0.91894,"Europe"
"18",2015,"Ireland",18,6.94,1.33596,0.89533,"Europe"
"19",2015,"Belgium",19,6.937,1.30782,0.89667,"Europe"
"20",2015,"United Arab Emirates",20,6.901,1.42727,0.80925,"Europe"
"21",2015,"United Kingdom",21,6.867,1.26637,0.90943,"North America"
"22",2015,"Oman",22,6.853,1.36011,0.76276,"North America"
"23",2015,"Venezuela",23,6.81,1.04424,0.72052,"North America"
"24",2015,"Singapore",24,6.798,1.52186,1.02525,"North America"
"25",2015,"Panama",25,6.786,1.06353,0.79661,"North America"
"26",2015,"Germany",26,6.75,1.32792,0.89186,"Europe"
"27",2015,"Chile",27,6.67,1.10715,0.85857,"Europe"
"28",2015,"Qatar",28,6.611,1.69042,0.79733,"Europe"
"29",2015,"France",29,6.575,1.27778,0.94579,"Europe"
"30",2015,"Argentina",30,6.574,1.05351,0.78723,"Europe"
"31",2015,"Czech Republic",31,6.505,1.17898,0.84483,"Europe"
"32",2015,"Uruguay",32,6.485,1.06166,0.8116,"Europe"
"33",2015,"Colombia",33,6.477,0.91861,0.69077,"Europe"
"34",2015,"Thailand",34,6.455,0.9669,0.7385,"Europe"
"35",2015,"Saudi Arabia",35,6.411,1.39541,0.72025,"Europe"
"36",2015,"Spain",36,6.329,1.23011,0.95562,"Europe"
"37",2015,"Malta",37,6.302,1.2074,0.88721,"Europe"
"38",2015,"Taiwan",38,6.298,1.29098,0.8753,"Europe"
"39",2015,"Kuwait",39,6.295,1.55422,0.72492,"Europe"
"40",2015,"Suriname",40,6.269,0.99534,0.6082,"Europe"
"41",2015,"Trinidad and Tobago",41,6.168,1.21183,0.61483,"Oceania"
"42",2015,"El Salvador",42,6.13,0.76454,0.67737,"Oceania"
"43",2015,"Guatemala",43,6.123,0.74553,0.64425,"Oceania"
"44",2015,"Uzbekistan",44,6.003,0.63244,0.59772,"Oceania"
"45",2015,"Slovakia",45,5.995,1.16891,0.78902,"Oceania"
"46",2015,"Japan",46,5.987,1.27074,0.99111,"Oceania"
"47",2015,"South Korea",47,5.984,1.24461,0.96538,"Oceania"
"48",2015,"Ecuador",48,5.975,0.86402,0.79075,"Oceania"
"49",2015,"Bahrain",49,5.96,1.32376,0.74716,"Oceania"
"50",2015,"Italy",50,5.948,1.25114,0.95446,"Oceania"
"51",2015,"Bolivia",51,5.89,0.68133,0.5392,"Asia"
"52",2015,"Moldova",52,5.889,0.59448,0.61826,"Asia"
"53",2015,"Paraguay",53,5.878,0.75985,0.66098,"Asia"
"54",2015,"Kazakhstan",54,5.855,1.12254,0.64368,"Asia"
"55",2015,"Slovenia",55,5.848,1.18498,0.87337,"Asia"
"56",2015,"Lithuania",56,5.833,1.14723,0.73128,"North America"
"57",2015,"Nicaragua",57,5.828,0.59325,0.74314,"North America"
"58",2015,"Peru",58,5.824,0.90019,0.73017,"North America"
"59",2015,"Belarus",59,5.813,1.03192,0.73608,"North America"
"60",2015,"Poland",60,5.791,1.12555,0.77903,"North America"
"61",2015,"Malaysia",61,5.77,1.12486,0.72394,"Europe"
"62",2015,"Croatia",62,5.759,1.08254,0.78805,"Europe"
"63",2015,"Libya",63,5.754,1.13145,0.7038,"Europe"
"64",2015,"Russia",64,5.716,1.13764,0.66926,"Europe"
"65",2015,"Jamaica",65,5.709,0.81038,0.68741,"Europe"
"67",2015,"Cyprus",67,5.689,1.20813,0.92356,"North America"
"68",2015,"Algeria",68,5.605,0.93929,0.61766,"North America"
"70",2015,"Turkmenistan",70,5.548,0.95847,0.53886,"North America"
"71",2015,"Mauritius",71,5.477,1.00761,0.7095,"North America"
"72",2015,"Hong Kong",72,5.474,1.38604,1.01328,"North America"
"73",2015,"Estonia",73,5.429,1.15174,0.77361,"North America"
"74",2015,"Indonesia",74,5.399,0.82827,0.63793,"North America"
"75",2015,"Vietnam",75,5.36,0.63216,0.74676,"North America"
"76",2015,"Turkey",76,5.332,1.06098,0.73172,"North America"
"77",2015,"Kyrgyzstan",77,5.286,0.47428,0.65088,"North America"
"78",2015,"Nigeria",78,5.268,0.65435,0.16007,"South America"
"79",2015,"Bhutan",79,5.253,0.77042,0.57407,"South America"
"80",2015,"Azerbaijan",80,5.212,1.02389,0.64045,"South America"
"81",2015,"Pakistan",81,5.194,0.59543,0.51466,"South America"
"82",2015,"Jordan",82,5.192,0.90198,0.69639,"South America"
"83",2015,"Montenegro",82,5.192,0.97438,0.72521,"Europe"
"84",2015,"China",84,5.14,0.89012,0.81658,"Europe"
"85",2015,"Zambia",85,5.129,0.47038,0.29924,"Europe"
"86",2015,"Romania",86,5.124,1.04345,0.7689,"Europe"
"87",2015,"Serbia",87,5.123,0.92053,0.74836,"Europe"
"88",2015,"Portugal",88,5.102,1.15991,0.87519,"Europe"
"89",2015,"Latvia",89,5.098,1.11312,0.72437,"Europe"
"90",2015,"Philippines",90,5.073,0.70532,0.58114,"Europe"
"92",2015,"Morocco",92,5.013,0.73479,0.60954,"Europe"
"93",2015,"Macedonia",93,5.007,0.91851,0.73545,"Europe"
"94",2015,"Mozambique",94,4.971,0.08308,0.09131,"Europe"
"95",2015,"Albania",95,4.959,0.87867,0.81325,"Europe"
"96",2015,"Bosnia and Herzegovina",96,4.949,0.83223,0.79081,"Europe"
"97",2015,"Lesotho",97,4.898,0.37545,0.07612,"Europe"
"98",2015,"Dominican Republic",98,4.885,0.89537,0.66825,"Europe"
"99",2015,"Laos",99,4.876,0.59066,0.54909,"Asia"
"100",2015,"Mongolia",100,4.874,0.82819,0.60268,"Asia"
"101",2015,"Swaziland",101,4.867,0.71206,0.07566,"Asia"
"102",2015,"Greece",102,4.857,1.15406,0.88213,"Asia"
"103",2015,"Lebanon",103,4.839,1.02564,0.83947,"Asia"
"104",2015,"Hungary",104,4.8,1.12094,0.75905,"Europe"
"105",2015,"Honduras",105,4.788,0.59532,0.6951,"Europe"
"106",2015,"Tajikistan",106,4.786,0.39047,0.57379,"Europe"
"107",2015,"Tunisia",107,4.739,0.88113,0.73793,"Europe"
"108",2015,"Palestinian Territories",108,4.715,0.59867,0.66015,"Europe"
"109",2015,"Bangladesh",109,4.694,0.39753,0.60164,"Asia"
"110",2015,"Iran",110,4.686,1.0088,0.69805,"South America"
"111",2015,"Ukraine",111,4.681,0.79907,0.6739,"South America"
"112",2015,"Iraq",112,4.677,0.98549,0.60237,"South America"
"113",2015,"South Africa",113,4.642,0.92049,0.27688,"South America"
"114",2015,"Ghana",114,4.633,0.54558,0.40132,"South America"
"115",2015,"Zimbabwe",115,4.61,0.271,0.33475,"Asia"
"116",2015,"Liberia",116,4.571,0.0712,0.34201,"Asia"
"117",2015,"India",117,4.565,0.64499,0.51529,"Asia"
"118",2015,"Sudan",118,4.55,0.52107,0.36878,"Asia"
"119",2015,"Haiti",119,4.518,0.26673,0.38847,"Asia"
"120",2015,"Congo (Kinshasa)",120,4.517,0,0.09806,"North America"
"121",2015,"Nepal",121,4.514,0.35997,0.56874,"North America"
"122",2015,"Ethiopia",122,4.512,0.19073,0.44055,"North America"
"123",2015,"Sierra Leone",123,4.507,0.33024,0,"North America"
"124",2015,"Mauritania",124,4.436,0.45407,0.35874,"North America"
"125",2015,"Kenya",125,4.419,0.36471,0.41435,"Europe"
"126",2015,"Djibouti",126,4.369,0.44025,0.36291,"Europe"
"127",2015,"Armenia",127,4.35,0.76821,0.7299,"Europe"
"128",2015,"Botswana",128,4.332,0.99355,0.04776,"Europe"
"129",2015,"Myanmar",129,4.307,0.27108,0.48246,"Europe"
"130",2015,"Georgia",130,4.297,0.7419,0.72926,"South America"
"131",2015,"Malawi",131,4.292,0.01604,0.22562,"South America"
"132",2015,"Sri Lanka",132,4.271,0.83524,0.70806,"South America"
"133",2015,"Cameroon",133,4.252,0.4225,0.23402,"South America"
"134",2015,"Bulgaria",134,4.218,1.01216,0.76649,"South America"
"135",2015,"Egypt",135,4.194,0.8818,0.61712,"Asia"
"136",2015,"Yemen",136,4.077,0.54649,0.40064,"Asia"
"137",2015,"Angola",137,4.033,0.75778,0.16683,"Asia"
"138",2015,"Mali",138,3.995,0.26074,0.20583,"Asia"
"139",2015,"Congo (Brazzaville)",139,3.989,0.67866,0.31051,"Asia"
"140",2015,"Comoros",140,3.956,0.23906,0.36315,"Europe"
"141",2015,"Uganda",141,3.931,0.21102,0.33861,"Europe"
"142",2015,"Senegal",142,3.904,0.36498,0.4354,"Europe"
"143",2015,"Gabon",143,3.896,1.06024,0.43372,"Europe"
"144",2015,"Niger",144,3.845,0.0694,0.29707,"Europe"
"145",2015,"Cambodia",145,3.819,0.46038,0.61114,"South America"
"146",2015,"Tanzania",146,3.781,0.2852,0.38215,"South America"
"147",2015,"Madagascar",147,3.681,0.20824,0.46721,"South America"
"148",2015,"Central African Republic",148,3.678,0.0785,0.06699,"South America"
"149",2015,"Chad",149,3.667,0.34193,0.1501,"South America"
"150",2015,"Guinea",150,3.656,0.17417,0.24009,"Europe"
"151",2015,"Ivory Coast",151,3.655,0.46534,0.15185,"Europe"
"152",2015,"Burkina Faso",152,3.587,0.25812,0.27125,"Europe"
"153",2015,"Afghanistan",153,3.575,0.31982,0.30335,"Europe"
"154",2015,"Rwanda",154,3.465,0.22208,0.42864,"Europe"
"155",2015,"Benin",155,3.34,0.28665,0.3191,"South America"
"156",2015,"Syria",156,3.006,0.6632,0.72193,"South America"
"157",2015,"Burundi",157,2.905,0.0153,0.22396,"South America"
"158",2015,"Togo",158,2.839,0.20868,0.28443,"South America"
"159",2016,"Denmark",1,7.526,1.44178,0.79504,"South America"
"160",2016,"Switzerland",2,7.509,1.52733,0.86303,"South America"
"161",2016,"Iceland",3,7.501,1.42666,0.86733,"South America"
"162",2016,"Norway",4,7.498,1.57744,0.79579,"South America"
"163",2016,"Finland",5,7.413,1.40598,0.81091,"South America"
"164",2016,"Canada",6,7.404,1.44015,0.8276,"South America"
"165",2016,"Netherlands",7,7.339,1.46468,0.81231,"Asia"
"166",2016,"New Zealand",8,7.334,1.36066,0.83096,"Asia"
"167",2016,"Australia",9,7.313,1.44443,0.8512,"Asia"
"168",2016,"Sweden",10,7.291,1.45181,0.83121,"Asia"
"169",2016,"Israel",11,7.267,1.33766,0.84917,"Asia"
"170",2016,"Austria",12,7.119,1.45038,0.80565,"Asia"
"171",2016,"United States",13,7.104,1.50796,0.779,"Asia"
"172",2016,"Costa Rica",14,7.087,1.06879,0.76146,"Asia"
"173",2016,"Puerto Rico",15,7.039,1.35943,0.77758,"Asia"
"174",2016,"Germany",16,6.994,1.44787,0.81487,"Asia"
"175",2016,"Brazil",17,6.952,1.08754,0.61415,"Europe"
"176",2016,"Belgium",18,6.929,1.42539,0.81959,"Europe"
"177",2016,"Ireland",19,6.907,1.48341,0.81455,"Europe"
"178",2016,"Luxembourg",20,6.871,1.69752,0.84542,"Europe"
"179",2016,"Mexico",21,6.778,1.11508,0.71143,"Europe"
"180",2016,"Singapore",22,6.739,1.64555,0.94719,"Europe"
"181",2016,"United Kingdom",23,6.725,1.40283,0.80991,"Europe"
"182",2016,"Chile",24,6.705,1.2167,0.81883,"Europe"
"183",2016,"Panama",25,6.701,1.18306,0.70835,"Europe"
"184",2016,"Argentina",26,6.65,1.15137,0.69711,"Europe"
"185",2016,"Czech Republic",27,6.596,1.30915,0.76376,"Asia"
"186",2016,"United Arab Emirates",28,6.573,1.57352,0.72993,"Asia"
"187",2016,"Uruguay",29,6.545,1.18157,0.72183,"Asia"
"188",2016,"Malta",30,6.488,1.30782,0.80315,"Asia"
"189",2016,"Colombia",31,6.481,1.03032,0.59659,"Asia"
"190",2016,"France",32,6.478,1.39488,0.83795,"Asia"
"191",2016,"Thailand",33,6.474,1.0893,0.64915,"Asia"
"192",2016,"Saudi Arabia",34,6.379,1.48953,0.59267,"Asia"
"193",2016,"Taiwan",34,6.379,1.39729,0.79565,"Asia"
"194",2016,"Qatar",36,6.375,1.82427,0.71723,"Asia"
"195",2016,"Spain",37,6.361,1.34253,0.87896,"South America"
"196",2016,"Algeria",38,6.355,1.05266,0.61804,"South America"
"197",2016,"Guatemala",39,6.324,0.83454,0.54039,"North America"
"198",2016,"Suriname",40,6.269,1.09686,0.50933,"North America"
"199",2016,"Kuwait",41,6.239,1.61714,0.63569,"North America"
"200",2016,"Bahrain",42,6.218,1.44024,0.65696,"North America"
"201",2016,"Trinidad and Tobago",43,6.168,1.32572,0.52608,"North America"
"202",2016,"Venezuela",44,6.084,1.13367,0.61904,"North America"
"203",2016,"Slovakia",45,6.078,1.27973,0.70367,"North America"
"204",2016,"El Salvador",46,6.068,0.8737,0.596,"North America"
"205",2016,"Malaysia",47,6.005,1.25142,0.62366,"North America"
"206",2016,"Nicaragua",48,5.992,0.69384,0.65213,"North America"
"207",2016,"Uzbekistan",49,5.987,0.73591,0.50163,"North America"
"208",2016,"Italy",50,5.977,1.35495,0.85102,"North America"
"209",2016,"Ecuador",51,5.976,0.97306,0.68613,"North America"
"210",2016,"Belize",52,5.956,0.87616,0.45569,"North America"
"211",2016,"Japan",53,5.921,1.38007,0.91491,"North America"
"212",2016,"Kazakhstan",54,5.919,1.22943,0.57386,"Asia"
"213",2016,"Moldova",55,5.897,0.69177,0.52309,"Asia"
"214",2016,"Russia",56,5.856,1.23228,0.58991,"Asia"
"215",2016,"Poland",57,5.835,1.24585,0.69058,"Asia"
"216",2016,"South Korea",57,5.835,1.35948,0.88645,"Asia"
"217",2016,"Bolivia",59,5.822,0.79422,0.4697,"Europe"
"218",2016,"Lithuania",60,5.813,1.2692,0.64674,"Europe"
"219",2016,"Belarus",61,5.802,1.13062,0.63104,"Europe"
"221",2016,"Slovenia",63,5.768,1.29947,0.79151,"Europe"
"222",2016,"Peru",64,5.743,0.99602,0.62994,"Europe"
"223",2016,"Turkmenistan",65,5.658,1.08017,0.44006,"Asia"
"224",2016,"Mauritius",66,5.648,1.14372,0.66189,"Asia"
"225",2016,"Libya",67,5.615,1.06688,0.52304,"Asia"
"226",2016,"Latvia",68,5.56,1.21788,0.63952,"Asia"
"227",2016,"Cyprus",69,5.546,1.31857,0.8488,"Asia"
"228",2016,"Paraguay",70,5.538,0.89373,0.58295,"Asia"
"229",2016,"Romania",71,5.528,1.1697,0.67602,"Asia"
"230",2016,"Estonia",72,5.517,1.27964,0.68098,"Asia"
"231",2016,"Jamaica",73,5.51,0.89333,0.59469,"Asia"
"232",2016,"Croatia",74,5.488,1.18649,0.70524,"Asia"
"233",2016,"Hong Kong",75,5.458,1.5107,0.95277,"South America"
"234",2016,"Somalia",76,5.44,0,0.11466,"South America"
"236",2016,"Turkey",78,5.389,1.16492,0.64718,"South America"
"237",2016,"Indonesia",79,5.314,0.95104,0.49374,"South America"
"238",2016,"Jordan",80,5.303,0.99673,0.60712,"South America"
"239",2016,"Azerbaijan",81,5.291,1.12373,0.54504,"Asia"
"240",2016,"Philippines",82,5.279,0.81217,0.47036,"Asia"
"241",2016,"China",83,5.245,1.0278,0.73561,"Asia"
"242",2016,"Bhutan",84,5.196,0.8527,0.49759,"Asia"
"243",2016,"Kyrgyzstan",85,5.185,0.56044,0.55449,"Asia"
"244",2016,"Serbia",86,5.177,1.03437,0.6458,"Europe"
"245",2016,"Bosnia and Herzegovina",87,5.163,0.93383,0.70766,"Europe"
"246",2016,"Montenegro",88,5.161,1.07838,0.63533,"Europe"
"247",2016,"Dominican Republic",89,5.155,1.02787,0.57669,"Europe"
"248",2016,"Morocco",90,5.151,0.84058,0.59471,"Europe"
"249",2016,"Hungary",91,5.145,1.24142,0.67608,"South America"
"250",2016,"Pakistan",92,5.132,0.68816,0.40306,"South America"
"251",2016,"Lebanon",93,5.129,1.12268,0.76171,"South America"
"252",2016,"Portugal",94,5.123,1.27607,0.79363,"South America"
"253",2016,"Macedonia",95,5.121,1.0193,0.64738,"South America"
"254",2016,"Vietnam",96,5.061,0.74037,0.66157,"Europe"
"256",2016,"Tunisia",98,5.045,0.97724,0.59577,"Europe"
"257",2016,"Greece",99,5.033,1.24886,0.80029,"Europe"
"258",2016,"Tajikistan",100,4.996,0.48835,0.53119,"Europe"
"259",2016,"Mongolia",101,4.907,0.98853,0.55469,"Europe"
"260",2016,"Laos",102,4.876,0.68042,0.38291,"South America"
"261",2016,"Nigeria",103,4.875,0.75216,0.05108,"South America"
"262",2016,"Honduras",104,4.871,0.69429,0.58383,"South America"
"263",2016,"Iran",105,4.813,1.11758,0.64232,"South America"
"264",2016,"Zambia",106,4.795,0.61202,0.23573,"South America"
"265",2016,"Nepal",107,4.793,0.44626,0.50073,"Asia"
"266",2016,"Palestinian Territories",108,4.754,0.67024,0.56844,"Asia"
"267",2016,"Albania",109,4.655,0.9553,0.73007,"Asia"
"268",2016,"Bangladesh",110,4.643,0.54177,0.52989,"Asia"
"269",2016,"Sierra Leone",111,4.635,0.36485,0,"Asia"
"270",2016,"Iraq",112,4.575,1.07474,0.51076,"Europe"
"271",2016,"Namibia",113,4.574,0.93287,0.34745,"Europe"
"272",2016,"Cameroon",114,4.513,0.52497,0.12698,"Europe"
"273",2016,"Ethiopia",115,4.508,0.29283,0.34578,"Europe"
"274",2016,"South Africa",116,4.459,1.02416,0.18611,"Europe"
"275",2016,"Sri Lanka",117,4.415,0.97318,0.62007,"Europe"
"276",2016,"India",118,4.404,0.74036,0.45091,"Europe"
"277",2016,"Myanmar",119,4.395,0.34112,0.3988,"Europe"
"278",2016,"Egypt",120,4.362,0.95395,0.52116,"Europe"
"279",2016,"Armenia",121,4.36,0.86086,0.64083,"Europe"
"280",2016,"Kenya",122,4.356,0.52267,0.30147,"North America"
"281",2016,"Ukraine",123,4.324,0.87287,0.58628,"North America"
"282",2016,"Ghana",124,4.276,0.63107,0.29681,"North America"
"283",2016,"Congo (Kinshasa)",125,4.272,0.05661,0.188,"North America"
"284",2016,"Georgia",126,4.252,0.83792,0.64035,"North America"
"285",2016,"Congo (Brazzaville)",127,4.236,0.77109,0.28212,"South America"
"286",2016,"Senegal",128,4.219,0.44314,0.40457,"South America"
"287",2016,"Bulgaria",129,4.217,1.11306,0.67806,"South America"
"288",2016,"Mauritania",130,4.201,0.61391,0.28639,"South America"
"289",2016,"Zimbabwe",131,4.193,0.35041,0.1595,"South America"
"290",2016,"Malawi",132,4.156,0.08709,0.29364,"Europe"
"291",2016,"Sudan",133,4.139,0.63069,0.29759,"Europe"
"292",2016,"Gabon",134,4.121,1.15851,0.3494,"Europe"
"293",2016,"Mali",135,4.073,0.31292,0.16347,"Europe"
"294",2016,"Haiti",136,4.028,0.34097,0.27494,"Europe"
"295",2016,"Botswana",137,3.974,1.09426,0.34752,"Europe"
"296",2016,"Comoros",138,3.956,0.27509,0.29981,"Europe"
"297",2016,"Ivory Coast",139,3.916,0.55507,0.04476,"Europe"
"298",2016,"Cambodia",140,3.907,0.55604,0.42494,"Europe"
"299",2016,"Angola",141,3.866,0.84731,0.04991,"Europe"
"300",2016,"Niger",142,3.856,0.1327,0.26162,"Asia"
"301",2016,"South Sudan",143,3.832,0.39394,0.15781,"Asia"
"302",2016,"Chad",144,3.763,0.42214,0.03824,"Asia"
"303",2016,"Burkina Faso",145,3.739,0.31995,0.21297,"Asia"
"304",2016,"Uganda",145,3.739,0.34719,0.19625,"Asia"
"305",2016,"Yemen",147,3.724,0.57939,0.31048,"Europe"
"306",2016,"Madagascar",148,3.695,0.27954,0.37109,"Europe"
"307",2016,"Tanzania",149,3.666,0.47155,0.357,"Europe"
"308",2016,"Liberia",150,3.622,0.10706,0.23165,"Europe"
"309",2016,"Guinea",151,3.607,0.22415,0.18829,"Europe"
"310",2016,"Rwanda",152,3.515,0.32846,0.31865,"Africa"
"311",2016,"Benin",153,3.484,0.39499,0.21028,"Africa"
"312",2016,"Afghanistan",154,3.36,0.38227,0.17344,"Africa"
"313",2016,"Togo",155,3.303,0.28123,0.24811,"Africa"
"314",2016,"Syria",156,3.069,0.74719,0.62994,"Africa"
"315",2016,"Burundi",157,2.905,0.06831,0.15747,"Europe; Asia"
"316",2017,"Norway",1,7.53700017929077,1.61646318435669,0.796666502952576,"Europe; Asia"
"317",2017,"Denmark",2,7.52199983596802,1.48238301277161,0.792565524578094,"Europe; Asia"
"318",2017,"Iceland",3,7.50400018692017,1.480633020401,0.833552122116089,"Europe; Asia"
"319",2017,"Switzerland",4,7.49399995803833,1.56497955322266,0.858131289482117,"Europe; Asia"
"320",2017,"Finland",5,7.4689998626709,1.44357192516327,0.80915766954422,"North America"
"321",2017,"Netherlands",6,7.3769998550415,1.50394463539124,0.810696125030518,"North America"
"322",2017,"Canada",7,7.31599998474121,1.47920441627502,0.83455765247345,"North America"
"323",2017,"New Zealand",8,7.31400012969971,1.40570604801178,0.816759705543518,"North America"
"324",2017,"Sweden",9,7.28399991989136,1.49438726902008,0.830875158309937,"North America"
"325",2017,"Australia",10,7.28399991989136,1.484414935112,0.84388679265976,"Europe"
"326",2017,"Israel",11,7.21299982070923,1.37538242340088,0.83840399980545,"Europe"
"327",2017,"Costa Rica",12,7.0789999961853,1.10970628261566,0.759509265422821,"Europe"
"328",2017,"Austria",13,7.00600004196167,1.48709726333618,0.815328419208527,"Europe"
"329",2017,"United States",14,6.99300003051758,1.54625928401947,0.77428662776947,"Europe"
"330",2017,"Ireland",15,6.97700023651123,1.53570663928986,0.80978262424469,"Africa"
"331",2017,"Germany",16,6.95100021362305,1.48792338371277,0.798950731754303,"Africa"
"332",2017,"Belgium",17,6.89099979400635,1.46378076076508,0.818091869354248,"Africa"
"333",2017,"Luxembourg",18,6.86299991607666,1.74194359779358,0.845089495182037,"Africa"
"334",2017,"United Kingdom",19,6.71400022506714,1.44163393974304,0.805335938930511,"Africa"
"335",2017,"Chile",20,6.65199995040894,1.25278460979462,0.819479703903198,"Asia"
"336",2017,"United Arab Emirates",21,6.64799976348877,1.62634336948395,0.726798236370087,"Asia"
"337",2017,"Brazil",22,6.63500022888184,1.10735321044922,0.616552352905273,"Asia"
"338",2017,"Czech Republic",23,6.60900020599365,1.35268235206604,0.754444003105164,"Asia"
"339",2017,"Argentina",24,6.59899997711182,1.18529546260834,0.695137083530426,"Asia"
"340",2017,"Mexico",25,6.57800006866455,1.15318381786346,0.709978997707367,"Africa"
"341",2017,"Singapore",26,6.57200002670288,1.69227766990662,0.949492394924164,"Africa"
"342",2017,"Malta",27,6.52699995040894,1.34327983856201,0.821944236755371,"Africa"
"343",2017,"Uruguay",28,6.4539999961853,1.21755969524384,0.719216823577881,"Africa"
"344",2017,"Guatemala",29,6.4539999961853,0.872001945972443,0.540239989757538,"Africa"
"345",2017,"Panama",30,6.4520001411438,1.23374843597412,0.706156134605408,"Asia"
"346",2017,"France",31,6.44199991226196,1.43092346191406,0.844465851783752,"Asia"
"347",2017,"Thailand",32,6.42399978637695,1.12786877155304,0.647239029407501,"Asia"
"348",2017,"Taiwan Province of China",33,6.42199993133545,1.43362653255463,0.793984234333038,"Asia"
"349",2017,"Spain",34,6.40299987792969,1.38439786434174,0.888960599899292,"Asia"
"350",2017,"Qatar",35,6.375,1.87076568603516,0.710098087787628,"Europe"
"351",2017,"Colombia",36,6.35699987411499,1.07062232494354,0.595027923583984,"Europe"
"352",2017,"Saudi Arabia",37,6.3439998626709,1.53062355518341,0.590148329734802,"Europe"
"353",2017,"Trinidad and Tobago",38,6.16800022125244,1.36135590076447,0.519983291625977,"Europe"
"354",2017,"Kuwait",39,6.10500001907349,1.63295245170593,0.632105708122253,"Europe"
"355",2017,"Slovakia",40,6.09800004959106,1.32539355754852,0.712732911109924,"Asia"
"356",2017,"Bahrain",41,6.08699989318848,1.48841226100922,0.653133034706116,"Asia"
"357",2017,"Malaysia",42,6.08400011062622,1.29121541976929,0.618784427642822,"Asia"
"358",2017,"Nicaragua",43,6.07100009918213,0.737299203872681,0.653095960617065,"Asia"
"359",2017,"Ecuador",44,6.00799989700317,1.00082039833069,0.685636222362518,"Asia"
"360",2017,"El Salvador",45,6.00299978256226,0.909784495830536,0.596018552780151,"Asia"
"361",2017,"Poland",46,5.97300004959106,1.29178786277771,0.699475347995758,"Asia"
"362",2017,"Uzbekistan",47,5.97100019454956,0.786441087722778,0.498272627592087,"Asia"
"363",2017,"Italy",48,5.96400022506714,1.39506661891937,0.853144347667694,"Asia"
"364",2017,"Russia",49,5.96299982070923,1.28177809715271,0.547349333763123,"Asia"
"365",2017,"Belize",50,5.95599985122681,0.907975316047668,0.450191766023636,"Europe; Asia"
"366",2017,"Japan",51,5.92000007629395,1.41691517829895,0.913475871086121,"Europe; Asia"
"367",2017,"Lithuania",52,5.90199995040894,1.31458234786987,0.62894994020462,"Europe; Asia"
"368",2017,"Algeria",53,5.87200021743774,1.09186446666718,0.617584645748138,"Europe; Asia"
"369",2017,"Latvia",54,5.84999990463257,1.26074862480164,0.638566970825195,"Europe; Asia"
"370",2017,"South Korea",55,5.83799982070923,1.40167844295502,0.900214076042175,"Asia"
"371",2017,"Moldova",56,5.83799982070923,0.728870630264282,0.589465200901031,"Asia"
"372",2017,"Romania",57,5.82499980926514,1.21768391132355,0.685158312320709,"Asia"
"373",2017,"Bolivia",58,5.82299995422363,0.833756566047668,0.473630249500275,"Asia"
"374",2017,"Turkmenistan",59,5.82200002670288,1.13077676296234,0.437726080417633,"Asia"
"375",2017,"Kazakhstan",60,5.81899976730347,1.28455626964569,0.606041550636292,"Africa"
"377",2017,"Slovenia",62,5.75799989700317,1.3412059545517,0.790828227996826,"Africa"
"378",2017,"Peru",63,5.71500015258789,1.03522527217865,0.630166113376617,"Africa"
"379",2017,"Mauritius",64,5.62900018692017,1.18939554691315,0.638007462024689,"Africa"
"380",2017,"Cyprus",65,5.62099981307983,1.35593807697296,0.84471470117569,"Africa"
"381",2017,"Estonia",66,5.61100006103516,1.32087934017181,0.695168316364288,"Asia"
"382",2017,"Belarus",67,5.56899976730347,1.15655755996704,0.637714266777039,"Asia"
"383",2017,"Libya",68,5.52500009536743,1.10180306434631,0.520169019699097,"Asia"
"384",2017,"Turkey",69,5.5,1.19827437400818,0.637605607509613,"Asia"
"385",2017,"Paraguay",70,5.49300003051758,0.932537317276001,0.579250693321228,"Asia"
"386",2017,"Hong Kong S.A.R., China",71,5.47200012207031,1.55167484283447,0.943062424659729,"Europe; Asia"
"387",2017,"Philippines",72,5.42999982833862,0.85769921541214,0.468009054660797,"Europe; Asia"
"388",2017,"Serbia",73,5.39499998092651,1.06931757926941,0.65078467130661,"Europe; Asia"
"389",2017,"Jordan",74,5.33599996566772,0.991012394428253,0.604590058326721,"Europe; Asia"
"390",2017,"Hungary",75,5.32399988174438,1.2860119342804,0.687763452529907,"Europe; Asia"
"391",2017,"Jamaica",76,5.31099987030029,0.925579309463501,0.641022384166718,"Asia"
"392",2017,"Croatia",77,5.29300022125244,1.22255623340607,0.701288521289825,"Asia"
"394",2017,"China",79,5.27299976348877,1.08116579055786,0.741415500640869,"Asia"
"395",2017,"Pakistan",80,5.26900005340576,0.72688353061676,0.402047783136368,"Asia"
"396",2017,"Indonesia",81,5.26200008392334,0.995538592338562,0.492345720529556,"Asia"
"397",2017,"Venezuela",82,5.25,1.12843120098114,0.617144227027893,"Asia"
"398",2017,"Montenegro",83,5.23699998855591,1.12112903594971,0.667464673519135,"Asia"
"399",2017,"Morocco",84,5.2350001335144,0.878114581108093,0.59771066904068,"Asia"
"400",2017,"Azerbaijan",85,5.23400020599365,1.15360176563263,0.540775775909424,"Asia"
"401",2017,"Dominican Republic",86,5.23000001907349,1.07937383651733,0.574873745441437,"Asia"
"402",2017,"Greece",87,5.22700023651123,1.28948748111725,0.810198903083801,"Europe"
"403",2017,"Lebanon",88,5.22499990463257,1.07498753070831,0.735081076622009,"Europe"
"404",2017,"Portugal",89,5.19500017166138,1.3151752948761,0.795843541622162,"Europe"
"405",2017,"Bosnia and Herzegovina",90,5.18200016021729,0.982409417629242,0.705186307430267,"Europe"
"406",2017,"Honduras",91,5.18100023269653,0.730573117733002,0.582569479942322,"Europe"
"407",2017,"Macedonia",92,5.17500019073486,1.06457793712616,0.644948184490204,"Asia"
"408",2017,"Somalia",93,5.15100002288818,0.0226431842893362,0.113989137113094,"Asia"
"409",2017,"Vietnam",94,5.07399988174438,0.788547575473785,0.652168989181519,"Asia"
"410",2017,"Nigeria",95,5.07399988174438,0.783756256103516,0.0569157302379608,"Asia"
"411",2017,"Tajikistan",96,5.04099988937378,0.524713635444641,0.529235124588013,"Asia"
"412",2017,"Bhutan",97,5.01100015640259,0.885416388511658,0.495879292488098,"Africa"
"413",2017,"Kyrgyzstan",98,5.00400018692017,0.596220076084137,0.553457796573639,"Africa"
"414",2017,"Nepal",99,4.96199989318848,0.479820191860199,0.504130780696869,"Africa"
"415",2017,"Mongolia",100,4.95499992370605,1.02723586559296,0.557783484458923,"Africa"
"416",2017,"South Africa",101,4.8289999961853,1.05469870567322,0.187080070376396,"Africa"
"417",2017,"Tunisia",102,4.80499982833862,1.00726580619812,0.613212049007416,"Europe"
"418",2017,"Palestinian Territories",103,4.77500009536743,0.716249227523804,0.565666973590851,"Europe"
"419",2017,"Egypt",104,4.7350001335144,0.989701807498932,0.520187258720398,"Europe"
"420",2017,"Bulgaria",105,4.71400022506714,1.1614590883255,0.708217680454254,"Europe"
"421",2017,"Sierra Leone",106,4.70900011062622,0.36842092871666,0.00556475389748812,"Europe"
"422",2017,"Cameroon",107,4.69500017166138,0.564305365085602,0.132892116904259,"Europe"
"423",2017,"Iran",108,4.69199991226196,1.15687310695648,0.639333188533783,"Europe"
"424",2017,"Albania",109,4.64400005340576,0.996192753314972,0.731159746646881,"Europe"
"425",2017,"Bangladesh",110,4.60799980163574,0.586682975292206,0.533241033554077,"Europe"
"426",2017,"Namibia",111,4.57399988174438,0.964434325695038,0.33861181139946,"Europe"
"427",2017,"Kenya",112,4.55299997329712,0.560479462146759,0.309988349676132,"Europe"
"428",2017,"Mozambique",113,4.55000019073486,0.234305649995804,0.106654435396194,"Europe"
"429",2017,"Myanmar",114,4.54500007629395,0.367110550403595,0.397522568702698,"Europe"
"430",2017,"Senegal",115,4.53499984741211,0.479309022426605,0.409362852573395,"Europe"
"431",2017,"Zambia",116,4.51399993896484,0.636406779289246,0.257835894823074,"Europe"
"432",2017,"Iraq",117,4.49700021743774,1.10271048545837,0.501180469989777,"Europe"
"433",2017,"Gabon",118,4.46500015258789,1.1982102394104,0.356578588485718,"Europe"
"434",2017,"Ethiopia",119,4.46000003814697,0.339233845472336,0.353409707546234,"Europe"
"435",2017,"Sri Lanka",120,4.44000005722046,1.00985014438629,0.625130832195282,"Europe"
"436",2017,"Armenia",121,4.37599992752075,0.900596737861633,0.637524425983429,"Europe"
"437",2017,"India",122,4.31500005722046,0.792221248149872,0.455427616834641,"Asia"
"438",2017,"Mauritania",123,4.29199981689453,0.648457288742065,0.285349279642105,"Asia"
"439",2017,"Congo (Brazzaville)",124,4.29099988937378,0.808964252471924,0.28995743393898,"Asia"
"440",2017,"Georgia",125,4.28599977493286,0.950612664222717,0.649546980857849,"Asia"
"441",2017,"Congo (Kinshasa)",126,4.28000020980835,0.0921023488044739,0.191407024860382,"Asia"
"442",2017,"Mali",127,4.19000005722046,0.476180493831635,0.169365674257278,"Africa"
"443",2017,"Ivory Coast",128,4.17999982833862,0.603048920631409,0.0486421696841717,"Africa"
"444",2017,"Cambodia",129,4.16800022125244,0.601765096187592,0.429783403873444,"Africa"
"445",2017,"Sudan",130,4.13899993896484,0.65951669216156,0.290920823812485,"Africa"
"446",2017,"Ghana",131,4.11999988555908,0.667224824428558,0.295637726783752,"Africa"
"447",2017,"Ukraine",132,4.09600019454956,0.89465194940567,0.575903952121735,"Europe"
"448",2017,"Uganda",133,4.08099985122681,0.381430715322495,0.217632606625557,"Europe"
"449",2017,"Burkina Faso",134,4.03200006484985,0.3502277135849,0.215844258666039,"Europe"
"450",2017,"Niger",135,4.02799987792969,0.161925330758095,0.26850500702858,"Europe"
"451",2017,"Malawi",136,3.97000002861023,0.233442038297653,0.315089583396912,"Europe"
"452",2017,"Chad",137,3.93600010871887,0.438012987375259,0.0411347150802612,"Africa"
"453",2017,"Zimbabwe",138,3.875,0.375846534967422,0.196763753890991,"Africa"
"454",2017,"Lesotho",139,3.80800008773804,0.521021246910095,0,"Africa"
"455",2017,"Angola",140,3.79500007629395,0.858428180217743,0.0498686656355858,"Africa"
"456",2017,"Afghanistan",141,3.79399991035461,0.401477217674255,0.180746778845787,"Europe"
"457",2017,"Botswana",142,3.76600003242493,1.12209415435791,0.341755509376526,"Europe"
"458",2017,"Benin",143,3.65700006484985,0.431085407733917,0.209930211305618,"Europe"
"459",2017,"Madagascar",144,3.64400005340576,0.305808693170547,0.375223308801651,"Europe"
"460",2017,"Haiti",145,3.6029999256134,0.368610262870789,0.277321130037308,"Europe"
"461",2017,"Yemen",146,3.59299993515015,0.591683447360992,0.310080915689468,"Europe"
"462",2017,"South Sudan",147,3.59100008010864,0.39724862575531,0.163486003875732,"Europe"
"463",2017,"Liberia",148,3.53299999237061,0.119041793048382,0.229918196797371,"Europe"
"464",2017,"Guinea",149,3.50699996948242,0.244549930095673,0.194129139184952,"Europe"
"465",2017,"Togo",150,3.49499988555908,0.305444717407227,0.247105568647385,"Europe"
"466",2017,"Rwanda",151,3.47099995613098,0.368745893239975,0.326424807310104,"Africa"
"467",2017,"Syria",152,3.46199989318848,0.777153134346008,0.50053334236145,"Africa"
"468",2017,"Tanzania",153,3.34899997711182,0.511135876178741,0.364509284496307,"Africa"
"469",2017,"Burundi",154,2.90499997138977,0.091622568666935,0.151610791683197,"Africa"
"470",2017,"Central African Republic",155,2.69300007820129,0,0.0187726859003305,"North America"
"471",2018,"Finland",1,7.632,1.305,0.874,"North America"
"472",2018,"Norway",2,7.594,1.456,0.861,"North America"
"473",2018,"Denmark",3,7.555,1.351,0.868,"North America"
"474",2018,"Iceland",4,7.495,1.343,0.914,"North America"
"475",2018,"Switzerland",5,7.487,1.42,0.927,"Asia"
"476",2018,"Netherlands",6,7.441,1.361,0.878,"Asia"
"477",2018,"Canada",7,7.328,1.33,0.896,"Asia"
"478",2018,"New Zealand",8,7.324,1.268,0.876,"Asia"
"479",2018,"Sweden",9,7.314,1.355,0.913,"Asia"
"480",2018,"Australia",10,7.272,1.34,0.91,"Asia"
"481",2018,"United Kingdom",11,7.19,1.244,0.888,"Asia"
"482",2018,"Austria",12,7.139,1.341,0.891,"Asia"
"483",2018,"Costa Rica",13,7.072,1.01,0.817,"Asia"
"484",2018,"Ireland",14,6.977,1.448,0.876,"Africa"
"485",2018,"Germany",15,6.965,1.34,0.861,"Africa"
"486",2018,"Belgium",16,6.927,1.324,0.894,"Europe"
"487",2018,"Luxembourg",17,6.91,1.576,0.896,"Europe"
"488",2018,"United States",18,6.886,1.398,0.819,"Europe"
"489",2018,"Israel",19,6.814,1.301,0.883,"Europe"
"490",2018,"United Arab Emirates",20,6.774,2.096,0.67,"Europe"
"491",2018,"Czech Republic",21,6.711,1.233,0.854,"Asia"
"492",2018,"Malta",22,6.627,1.27,0.884,"Asia"
"493",2018,"France",23,6.489,1.293,0.908,"Asia"
"494",2018,"Mexico",24,6.488,1.038,0.761,"Asia"
"495",2018,"Chile",25,6.476,1.131,0.808,"Asia"
"496",2018,"Taiwan",26,6.441,1.365,0.857,"Europe"
"497",2018,"Panama",27,6.43,1.112,0.759,"Europe"
"498",2018,"Brazil",28,6.419,0.986,0.675,"Europe"
"499",2018,"Argentina",29,6.388,1.073,0.744,"Europe"
"500",2018,"Guatemala",30,6.382,0.781,0.608,"Europe"
"501",2018,"Uruguay",31,6.379,1.093,0.771,"North America"
"502",2018,"Qatar",32,6.374,1.649,0.748,"North America"
"503",2018,"Saudi Arabia",33,6.371,1.379,0.633,"North America"
"504",2018,"Singapore",34,6.343,1.529,1.008,"North America"
"505",2018,"Malaysia",35,6.322,1.161,0.669,"North America"
"506",2018,"Spain",36,6.31,1.251,0.965,"Asia"
"507",2018,"Colombia",37,6.26,0.96,0.635,"Asia"
"508",2018,"Trinidad & Tobago",38,6.192,1.223,0.564,"Asia"
"509",2018,"Slovakia",39,6.173,1.21,0.776,"Asia"
"510",2018,"El Salvador",40,6.167,0.806,0.639,"Asia"
"511",2018,"Nicaragua",41,6.141,0.668,0.7,"Africa"
"512",2018,"Poland",42,6.123,1.176,0.781,"Africa"
"513",2018,"Bahrain",43,6.105,1.338,0.698,"Africa"
"514",2018,"Uzbekistan",44,6.096,0.719,0.605,"Africa"
"515",2018,"Kuwait",45,6.083,1.474,0.675,"Africa"
"516",2018,"Thailand",46,6.072,1.016,0.707,"Asia"
"517",2018,"Italy",47,6,1.264,0.946,"Asia"
"518",2018,"Ecuador",48,5.973,0.889,0.736,"Asia"
"519",2018,"Belize",49,5.956,0.807,0.474,"Asia"
"520",2018,"Lithuania",50,5.952,1.197,0.716,"Asia"
"521",2018,"Slovenia",51,5.948,1.219,0.856,"Asia"
"522",2018,"Romania",52,5.945,1.116,0.726,"Asia"
"523",2018,"Latvia",53,5.933,1.148,0.671,"Asia"
"524",2018,"Japan",54,5.915,1.294,0.988,"Asia"
"525",2018,"Mauritius",55,5.891,1.09,0.684,"Asia"
"526",2018,"Jamaica",56,5.89,0.819,0.693,"Asia"
"527",2018,"South Korea",57,5.875,1.266,0.955,"Asia"
"529",2018,"Russia",59,5.81,1.151,0.599,"Asia"
"530",2018,"Kazakhstan",60,5.79,1.143,0.631,"Asia"
"531",2018,"Cyprus",61,5.762,1.229,0.909,"Asia"
"532",2018,"Bolivia",62,5.752,0.751,0.508,"Europe"
"533",2018,"Estonia",63,5.739,1.2,0.737,"Europe"
"534",2018,"Paraguay",64,5.681,0.835,0.615,"Europe"
"535",2018,"Peru",65,5.663,0.934,0.674,"Europe"
"537",2018,"Moldova",67,5.64,0.657,0.62,"Europe"
"538",2018,"Turkmenistan",68,5.636,1.016,0.517,"Asia"
"539",2018,"Hungary",69,5.62,1.171,0.732,"Asia"
"540",2018,"Libya",70,5.566,0.985,0.553,"Asia"
"541",2018,"Philippines",71,5.524,0.775,0.513,"Asia"
"542",2018,"Honduras",72,5.504,0.62,0.622,"Asia"
"543",2018,"Belarus",73,5.483,1.039,0.7,"Africa"
"544",2018,"Turkey",74,5.483,1.148,0.686,"Africa"
"545",2018,"Pakistan",75,5.472,0.652,0.424,"Africa"
"546",2018,"Hong Kong",76,5.43,1.405,1.03,"Africa"
"547",2018,"Portugal",77,5.41,1.188,0.884,"Africa"
"548",2018,"Serbia",78,5.398,0.975,0.685,"Africa"
"549",2018,"Greece",79,5.358,1.154,0.879,"Africa"
"550",2018,"Lebanon",80,5.358,0.965,0.785,"Africa"
"551",2018,"Montenegro",81,5.347,1.017,0.729,"Africa"
"552",2018,"Croatia",82,5.321,1.115,0.737,"Africa"
"553",2018,"Dominican Republic",83,5.302,0.982,0.614,"Africa"
"554",2018,"Algeria",84,5.295,0.979,0.687,"Africa"
"555",2018,"Morocco",85,5.254,0.779,0.669,"Africa"
"556",2018,"China",86,5.246,0.989,0.799,"Africa"
"557",2018,"Azerbaijan",87,5.201,1.024,0.603,"Africa"
"558",2018,"Tajikistan",88,5.199,0.474,0.598,"Africa"
"559",2018,"Macedonia",89,5.185,0.959,0.691,"Africa"
"560",2018,"Jordan",90,5.161,0.822,0.645,"Africa"
"561",2018,"Nigeria",91,5.155,0.689,0.048,"Africa"
"562",2018,"Kyrgyzstan",92,5.131,0.53,0.594,"Africa"
"563",2018,"Bosnia and Herzegovina",93,5.129,0.915,0.758,"Asia"
"564",2018,"Mongolia",94,5.125,0.914,0.575,"Asia"
"565",2018,"Vietnam",95,5.103,0.715,0.702,"Asia"
"566",2018,"Indonesia",96,5.093,0.899,0.522,"Asia"
"567",2018,"Bhutan",97,5.082,0.796,0.527,"Asia"
"568",2018,"Somalia",98,4.982,0,0.115,"Africa"
"569",2018,"Cameroon",99,4.975,0.535,0.182,"Africa"
"570",2018,"Bulgaria",100,4.933,1.054,0.712,"Africa"
"571",2018,"Nepal",101,4.88,0.425,0.539,"Africa"
"572",2018,"Venezuela",102,4.806,0.996,0.657,"North America"
"573",2018,"Gabon",103,4.758,1.036,0.404,"North America"
"574",2018,"Palestinian Territories",104,4.743,0.642,0.602,"North America"
"575",2018,"South Africa",105,4.724,0.94,0.33,"North America"
"576",2018,"Iran",106,4.707,1.059,0.691,"North America"
"577",2018,"Ivory Coast",107,4.671,0.541,0.08,"Africa"
"578",2018,"Ghana",108,4.657,0.592,0.337,"Africa"
"579",2018,"Senegal",109,4.631,0.429,0.433,"Africa"
"580",2018,"Laos",110,4.623,0.72,0.441,"Africa"
"581",2018,"Tunisia",111,4.592,0.9,0.69,"Africa"
"582",2018,"Albania",112,4.586,0.916,0.79,"Asia"
"583",2018,"Sierra Leone",113,4.571,0.256,0,"Asia"
"584",2018,"Congo (Brazzaville)",114,4.559,0.682,0.343,"Asia"
"585",2018,"Bangladesh",115,4.5,0.532,0.579,"Asia"
"586",2018,"Sri Lanka",116,4.471,0.918,0.672,"Asia"
"587",2018,"Iraq",117,4.456,1.01,0.536,"Africa"
"588",2018,"Mali",118,4.447,0.37,0.152,"Africa"
"589",2018,"Namibia",119,4.441,0.874,0.365,"Africa"
"590",2018,"Cambodia",120,4.433,0.549,0.457,"Africa"
"591",2018,"Burkina Faso",121,4.424,0.314,0.254,"Africa"
"592",2018,"Egypt",122,4.419,0.885,0.553,"Africa"
"593",2018,"Mozambique",123,4.417,0.198,0.173,"Africa"
"594",2018,"Kenya",124,4.41,0.493,0.454,"Africa"
"595",2018,"Zambia",125,4.377,0.562,0.295,"Africa"
"596",2018,"Mauritania",126,4.356,0.557,0.292,"Africa"
"597",2018,"Ethiopia",127,4.35,0.308,0.391,"Africa"
"598",2018,"Georgia",128,4.34,0.853,0.643,"Africa"
"599",2018,"Armenia",129,4.321,0.816,0.666,"Africa"
"600",2018,"Myanmar",130,4.308,0.682,0.429,"Africa"
"601",2018,"Chad",131,4.301,0.358,0.053,"Africa"
"602",2018,"Congo (Kinshasa)",132,4.245,0.069,0.204,"Africa"
"603",2018,"India",133,4.19,0.721,0.485,"Africa"
"604",2018,"Niger",134,4.166,0.131,0.221,"Africa"
"605",2018,"Uganda",135,4.161,0.322,0.237,"Africa"
"606",2018,"Benin",136,4.141,0.378,0.24,"Africa"
"607",2018,"Sudan",137,4.139,0.605,0.312,"Africa"
"608",2018,"Ukraine",138,4.103,0.793,0.609,"Asia"
"609",2018,"Togo",139,3.999,0.259,0.253,"Asia"
"610",2018,"Guinea",140,3.964,0.344,0.211,"Asia"
"611",2018,"Lesotho",141,3.808,0.472,0.079,"Asia"
"612",2018,"Angola",142,3.795,0.73,0.269,"Asia"
"613",2018,"Madagascar",143,3.774,0.262,0.402,"Africa"
"614",2018,"Zimbabwe",144,3.692,0.357,0.248,"Africa"
"615",2018,"Afghanistan",145,3.632,0.332,0.255,"Africa"
"616",2018,"Botswana",146,3.59,1.017,0.417,"Africa"
"617",2018,"Malawi",147,3.587,0.186,0.306,"Africa"
"618",2018,"Haiti",148,3.582,0.315,0.289,"Asia"
"619",2018,"Liberia",149,3.495,0.076,0.267,"Asia"
"620",2018,"Syria",150,3.462,0.689,0.539,"Asia"
"621",2018,"Rwanda",151,3.408,0.332,0.4,"Asia"
"622",2018,"Yemen",152,3.355,0.442,0.343,"Asia"
"623",2018,"Tanzania",153,3.303,0.455,0.381,"Asia"
"624",2018,"South Sudan",154,3.254,0.337,0.177,"Asia"
"625",2018,"Central African Republic",155,3.083,0.024,0.01,"Asia"
"626",2018,"Burundi",156,2.905,0.091,0.145,"Asia"
"627",2019,"Finland",1,7.769,1.34,0.986,"Asia"
"628",2019,"Denmark",2,7.6,1.383,0.996,"Africa"
"629",2019,"Norway",3,7.554,1.488,1.028,"Africa"
"630",2019,"Iceland",4,7.494,1.38,1.026,"Africa"
"631",2019,"Netherlands",5,7.488,1.396,0.999,"Africa"
"632",2019,"Switzerland",6,7.48,1.452,1.052,"Africa"
"633",2019,"Sweden",7,7.343,1.387,1.009,"Asia"
"634",2019,"New Zealand",8,7.307,1.303,1.026,"Asia"
"635",2019,"Canada",9,7.278,1.365,1.039,"Asia"
"636",2019,"Austria",10,7.246,1.376,1.016,"Asia"
"637",2019,"Australia",11,7.228,1.372,1.036,"Asia"
"638",2019,"Costa Rica",12,7.167,1.034,0.963,"Africa"
"639",2019,"Israel",13,7.139,1.276,1.029,"Africa"
"640",2019,"Luxembourg",14,7.09,1.609,1.012,"Africa"
"641",2019,"United Kingdom",15,7.054,1.333,0.996,"Africa"
"642",2019,"Ireland",16,7.021,1.499,0.999,"Africa"
"643",2019,"Germany",17,6.985,1.373,0.987,"Europe"
"644",2019,"Belgium",18,6.923,1.356,0.986,"Europe"
"645",2019,"United States",19,6.892,1.433,0.874,"Europe"
"646",2019,"Czech Republic",20,6.852,1.269,0.92,"Europe"
"647",2019,"United Arab Emirates",21,6.825,1.503,0.825,"Europe"
"648",2019,"Malta",22,6.726,1.3,0.999,"Africa"
"649",2019,"Mexico",23,6.595,1.07,0.861,"Africa"
"650",2019,"France",24,6.592,1.324,1.045,"Africa"
"651",2019,"Taiwan",25,6.446,1.368,0.914,"Africa"
"652",2019,"Chile",26,6.444,1.159,0.92,"Africa"
"653",2019,"Guatemala",27,6.436,0.8,0.746,"Asia"
"654",2019,"Saudi Arabia",28,6.375,1.403,0.795,"Asia"
"655",2019,"Qatar",29,6.374,1.684,0.871,"Asia"
"656",2019,"Spain",30,6.354,1.286,1.062,"Asia"
"657",2019,"Panama",31,6.321,1.149,0.91,"Asia"
"658",2019,"Brazil",32,6.3,1.004,0.802,"Africa"
"659",2019,"Uruguay",33,6.293,1.124,0.891,"Africa"
"660",2019,"Singapore",34,6.262,1.572,1.141,"Africa"
"661",2019,"El Salvador",35,6.253,0.794,0.789,"Africa"
"662",2019,"Italy",36,6.223,1.294,1.039,"Africa"
"663",2019,"Bahrain",37,6.199,1.362,0.871,"Africa"
"664",2019,"Slovakia",38,6.198,1.246,0.881,"Africa"
"665",2019,"Trinidad & Tobago",39,6.192,1.231,0.713,"Africa"
"666",2019,"Poland",40,6.182,1.206,0.884,"Africa"
"667",2019,"Uzbekistan",41,6.174,0.745,0.756,"Africa"
"668",2019,"Lithuania",42,6.149,1.238,0.818,"Africa"
"669",2019,"Colombia",43,6.125,0.985,0.841,"Africa"
"670",2019,"Slovenia",44,6.118,1.258,0.953,"Africa"
"671",2019,"Nicaragua",45,6.105,0.694,0.835,"Africa"
"673",2019,"Argentina",47,6.086,1.092,0.881,"Africa"
"674",2019,"Romania",48,6.07,1.162,0.825,"Africa"
"675",2019,"Cyprus",49,6.046,1.263,1.042,"Africa"
"676",2019,"Ecuador",50,6.028,0.912,0.868,"Africa"
"677",2019,"Kuwait",51,6.021,1.5,0.808,"Africa"
"678",2019,"Thailand",52,6.008,1.05,0.828,"Africa"
"679",2019,"Latvia",53,5.94,1.187,0.812,"Africa"
"680",2019,"South Korea",54,5.895,1.301,1.036,"Africa"
"681",2019,"Estonia",55,5.893,1.237,0.874,"Africa"
"682",2019,"Jamaica",56,5.89,0.831,0.831,"Africa"
"683",2019,"Mauritius",57,5.888,1.12,0.798,"Africa"
"684",2019,"Japan",58,5.886,1.327,1.088,"Africa"
"685",2019,"Honduras",59,5.86,0.642,0.828,"Africa"
"686",2019,"Kazakhstan",60,5.809,1.173,0.729,"Africa"
"687",2019,"Bolivia",61,5.779,0.776,0.706,"Africa"
"688",2019,"Hungary",62,5.758,1.201,0.828,"Africa"
"689",2019,"Paraguay",63,5.743,0.855,0.777,"Africa"
"691",2019,"Peru",65,5.697,0.96,0.854,"Africa"
"692",2019,"Portugal",66,5.693,1.221,0.999,"Africa"
"693",2019,"Pakistan",67,5.653,0.677,0.535,"Africa"
"694",2019,"Russia",68,5.648,1.183,0.726,"Africa"
"695",2019,"Philippines",69,5.631,0.807,0.657,"Africa"
"696",2019,"Serbia",70,5.603,1.004,0.854,"Africa"
"697",2019,"Moldova",71,5.529,0.685,0.739,"Asia"
"698",2019,"Libya",72,5.525,1.044,0.673,"Asia"
"699",2019,"Montenegro",73,5.523,1.051,0.871,"Asia"
"700",2019,"Tajikistan",74,5.467,0.493,0.718,"Asia"
"701",2019,"Croatia",75,5.432,1.155,0.914,"Asia"
"702",2019,"Hong Kong",76,5.43,1.438,1.122,"Africa"
"703",2019,"Dominican Republic",77,5.425,1.015,0.779,"Africa"
"704",2019,"Bosnia and Herzegovina",78,5.386,0.945,0.845,"Africa"
"705",2019,"Turkey",79,5.373,1.183,0.808,"Africa"
"706",2019,"Malaysia",80,5.339,1.221,0.828,"Africa"
"707",2019,"Belarus",81,5.323,1.067,0.789,"Africa"
"708",2019,"Greece",82,5.287,1.181,0.999,"Africa"
"709",2019,"Mongolia",83,5.285,0.948,0.667,"Africa"
"710",2019,"North Macedonia",84,5.274,0.983,0.838,"Africa"
"711",2019,"Nigeria",85,5.265,0.696,0.245,"Africa"
"712",2019,"Kyrgyzstan",86,5.261,0.551,0.723,"Africa"
"713",2019,"Turkmenistan",87,5.247,1.052,0.657,"Africa"
"714",2019,"Algeria",88,5.211,1.002,0.785,"Africa"
"715",2019,"Morocco",89,5.208,0.801,0.782,"Africa"
"716",2019,"Azerbaijan",90,5.208,1.043,0.769,"Africa"
"717",2019,"Lebanon",91,5.197,0.987,0.815,"Africa"
"718",2019,"Indonesia",92,5.192,0.931,0.66,"Africa"
"719",2019,"China",93,5.191,1.029,0.893,"Africa"
"720",2019,"Vietnam",94,5.175,0.741,0.851,"Africa"
"721",2019,"Bhutan",95,5.082,0.813,0.604,"Africa"
"722",2019,"Cameroon",96,5.044,0.549,0.331,"Africa"
"723",2019,"Bulgaria",97,5.011,1.092,0.815,"Africa"
"724",2019,"Ghana",98,4.996,0.611,0.486,"Africa"
"725",2019,"Ivory Coast",99,4.944,0.569,0.232,"Africa"
"726",2019,"Nepal",100,4.913,0.446,0.677,"Africa"
"727",2019,"Jordan",101,4.906,0.837,0.815,"Africa"
"728",2019,"Benin",102,4.883,0.393,0.397,"Africa"
"729",2019,"Congo (Brazzaville)",103,4.812,0.673,0.508,"Africa"
"730",2019,"Gabon",104,4.799,1.057,0.571,"Africa"
"731",2019,"Laos",105,4.796,0.764,0.551,"Africa"
"732",2019,"South Africa",106,4.722,0.96,0.469,"Africa"
"733",2019,"Albania",107,4.719,0.947,0.874,"Africa"
"734",2019,"Venezuela",108,4.707,0.96,0.805,"Africa"
"735",2019,"Cambodia",109,4.7,0.574,0.637,"Africa"
"736",2019,"Palestinian Territories",110,4.696,0.657,0.672,"Asia"
"737",2019,"Senegal",111,4.681,0.45,0.571,"Asia"
"738",2019,"Somalia",112,4.668,0,0.268,"Asia"
"739",2019,"Namibia",113,4.639,0.879,0.477,"Asia"
"740",2019,"Niger",114,4.628,0.138,0.366,"Asia"
"741",2019,"Burkina Faso",115,4.587,0.331,0.38,"Africa"
"742",2019,"Armenia",116,4.559,0.85,0.815,"Africa"
"743",2019,"Iran",117,4.548,1.1,0.785,"Africa"
"744",2019,"Guinea",118,4.534,0.38,0.375,"Africa"
"745",2019,"Georgia",119,4.519,0.886,0.752,"Africa"
"746",2019,"Gambia",120,4.516,0.308,0.428,"Africa"
"747",2019,"Kenya",121,4.509,0.512,0.581,"Africa"
"748",2019,"Mauritania",122,4.49,0.57,0.489,"Africa"
"749",2019,"Mozambique",123,4.466,0.204,0.39,"Africa"
"750",2019,"Tunisia",124,4.461,0.921,0.815,"Africa"
"751",2019,"Bangladesh",125,4.456,0.562,0.723,"Asia"
"752",2019,"Iraq",126,4.437,1.043,0.574,"Asia"
"753",2019,"Congo (Kinshasa)",127,4.418,0.094,0.357,"Asia"
"754",2019,"Mali",128,4.39,0.385,0.308,"Asia"
"755",2019,"Sierra Leone",129,4.374,0.268,0.242,"Asia"
"756",2019,"Sri Lanka",130,4.366,0.949,0.831,"Africa"
"757",2019,"Myanmar",131,4.36,0.71,0.555,"Africa"
"758",2019,"Chad",132,4.35,0.35,0.192,"Africa"
"759",2019,"Ukraine",133,4.332,0.82,0.739,"Africa"
"760",2019,"Ethiopia",134,4.286,0.336,0.532,"Africa"
"761",2019,"Swaziland",135,4.212,0.811,0,"Africa"
"762",2019,"Uganda",136,4.189,0.332,0.443,"Africa"
"763",2019,"Egypt",137,4.166,0.913,0.644,"Africa"
"764",2019,"Zambia",138,4.107,0.578,0.426,"Africa"
"765",2019,"Togo",139,4.085,0.275,0.41,"Africa"
"766",2019,"India",140,4.015,0.755,0.588,"North America"
"767",2019,"Liberia",141,3.975,0.073,0.443,"North America"
"768",2019,"Comoros",142,3.973,0.274,0.505,"North America"
"769",2019,"Madagascar",143,3.933,0.274,0.555,"North America"
"770",2019,"Lesotho",144,3.802,0.489,0.168,"Africa"
"771",2019,"Burundi",145,3.775,0.046,0.38,"Africa"
"772",2019,"Zimbabwe",146,3.663,0.366,0.433,"Africa"
"773",2019,"Haiti",147,3.597,0.323,0.449,"Africa"
"774",2019,"Botswana",148,3.488,1.041,0.538,"Africa"
"775",2019,"Syria",149,3.462,0.619,0.44,"Africa"
"776",2019,"Malawi",150,3.41,0.191,0.495,"Africa"
"777",2019,"Yemen",151,3.38,0.287,0.463,"Africa"
"778",2019,"Rwanda",152,3.334,0.359,0.614,"Africa"
"779",2019,"Tanzania",153,3.231,0.476,0.499,"Africa"
"780",2019,"Afghanistan",154,3.203,0.35,0.361,"Africa"
"781",2019,"Central African Republic",155,3.083,0.026,0.105,"Africa"
"782",2019,"South Sudan",156,2.853,0.306,0.295,"Africa"
